{"cameraMode":{"drawMode":0,"name":"Shaded","section":"Shading Mode"},"sceneLighting":true,"audioPlay":false,"sceneViewState":{"m_AlwaysRefresh":false,"showFog":true,"showSkybox":true,"showFlares":true,"showImageEffects":true,"showParticleSystems":true,"showVisualEffectGraphs":true,"m_FxEnabled":true},"in2DMode":false,"pivot":{"x":-0.5160560607910156,"y":-0.6999483704566956,"z":-1.178016185760498},"rotation":{"x":-0.005182925146073103,"y":0.9472762942314148,"z":-0.32003650069236758,"w":-0.015347247943282128},"size":1.8622506856918336,"orthographic":false}